FILE,CITA
BD_BIV_Harvey_et_al_2010, "Harvey, C.J., Bartz, K.K., Davies, J.R., Francis, T.B., Good, T.P., Guerry, A.D., Hanson, B., Holsman, K.K., Miller, J.J.J., Plummer, M.L. and Reum, J.C.P. (2010). A mass-balance model for evaluating food web structure and community-scale indicators in the central basin of Puget Sound. U.S. Dept. Commer., NOAA Tech. Memo. NMFS-NWFSC-106, 180 p."
BFF_Navarrete_&_Wieters_2000,"Navarrete, S. A., & Wieters, E. A. (2000). Variation in barnacle recruitment over small scales: larval predation by adults and maintenance of community pattern. Journal of experimental marine biology and ecology, 253(2), 131-148."
BG_Elahi_2013,"Elahi, R. (2013). Diversity and structure of subtidal rock walls in the Salish Sea: the roles of grazing, oceanography, and long-term change (Doctoral dissertation)."
BG_Yates_1989,"Yates, K. R. (1989). The feeding ecology of the gumboot chiton, Cryptochiton stelleri (Middendorff, 1846)."
BMD_Hoover_et_al_2012,"Hoover, R. A., Armour, R., Dow, I., & Purcell, J. E. (2012). Nudibranch predation and dietary preference for the polyps of Aurelia labiata (Cnidaria: Scyphozoa). In:Jellyfish Blooms IV (pp. 199-213). Springer, Dordrecht."
BMD_Mauzey_et_al_1968,"Mauzey, K. P., Birkeland, C., & Dayton, P. K. (1968). Feeding behavior of asteroids and escape responses of their prey in the Puget Sound region. Ecology, 49(4), 603-619."
BMD_Palmer_1988,"Palmer, A. R. (1988). Feeding biology of Ocenebra lurida (Prosobranchia: Muricacea): diet, predator-prey size relations, and attack behavior. Veliger, 31(3-4), 192-203."
BMD_Shivji_et_al_1983,"Shivji, M., Parker, D., Hartwick, B., Smith, M. J., & Sloan, N. A. (1983). Feeding and distribution study of the sunflower sea star Pycnopodia helianthoides (Brandt, 1835)."
BMD_Sloan_&_Robinson_1983,"Sloan, N. A., & Robinson, S. M. C. (1983). Winter feeding by asteroids on a subtidal sandbed in British Columbia. Ophelia, 22(2), 125-140."
BMS_Anderson_et_al_1999,"Anderson, R. C., Hughes, P. D., Mather, J. A., & Steele, C. W. (1999). Determination of the diet of Octopus rubescens Berry, 1953 (Cephalopoda: Octopodidae), through examination of its beer bottle dens in Puget Sound. Malacologia, 41(2), 455-460."
BMS_Scheel_&_Anderson_2012,"Scheel, D., & Anderson, R. (2012). Variability in the diet specialization of Enteroctopus dofleini (Cephalopoda: Octopodidae) in the eastern Pacific examined from midden contents. American Malacological Bulletin, 30(2), 267-280."
DOG_Beamish_&_Sweeting,"Beamish, R. J., & Sweeting, R. M. (2009). Spiny dogfish in the pelagic waters of the Strait of Georgia and Puget Sound. Biology and management of dogfish sharks. Am. Fish. Soc., Bethesda, Maryland, 101-118."
DOG_Brodeur_et_al_2009,"Brodeur, R. D., Fleming, I. A., Bennett, J. M., & Campbell, M. A. (2009). Summer distribution and feeding of spiny dogfish off the Washington and Oregon coasts. Biology and management of dogfish sharks. Edited by VF Gallucci, GA McFarlane, and GG Bargmann. American Fisheries Society, Bethesda, Md, 39-51."
DOG_Jones_1976_V2,"Jones, B. C., & Geen, G. H. (1977). Food and feeding of spiny dogfish (Squalus acanthias) in British Columbia waters. Journal of the Fisheries Board of Canada, 34(11), 2056-2066."
DOG_Jones_1976,"Jones, B. C. (1976). Feeding, growth, and reproduction of spiny dogfish.(Squalus Acanthias L.) in British Columbia waters.--(Doctoral dissertation, Simon Fraser University. Theses (Dept. of Biological Sciences))."
DUN_Amstrong_et_al_1981,"Armstrong, D. A., Stevens, B. G., & Hoeman, J. C. (1981). Distribution and abundance of Dungeness crab and Crangon shrimp, and dredging-related mortality of invertebrates and fish in Grays Harbor, Washington."
DUN_Butler_1954,"Butler, T. H. (1954). Food of the commercial crab in the Queen Charlotte Islands region. Fisheries Research Board of Canada, Progress Reports of the Pacific Coast Stations, report, (99), 3-5."
DUN_Gotshall_1977,"Gotshall, D. W. (1977). Stomach contents of northern California Dungeness crabs, Cancer magister. California Fish and Game, 63, 43-51."
Dunford_1972,"Dunford, W. E. (1975). Space and food utilization by salmonids in marsh habitats of the Fraser River estuary (Doctoral dissertation, University of British Columbia)."
FDF_Simenstad_et_al_1991,"Simenstad, C. A., Cordell, J. R., & Weitkamp, L. A. (1991). Effects of substrate modification on littoral flat meiofauna: assemblage structure changes associated with adding gravel. Wetland Ecosystem Team, Fisheries Research Institute, University of Washington."
FISH_Barraclough_Fulton_1967,"Barraclough, W. E., Canadian Committee on Oceanography, Fisheries Research Board of Canada. Biological Station (Nanaimo, BC), Fulton, J. D., & Pacific Oceanographic Group (Canada). (1967). Data Record: Number, Size Composition and Food of Larval and Juvenile Fish Caught with a Two-boat Surface Trawl in the Strait of Georgia, July 4-8, 1966. Nanaimo, BC: Pacific Oceanographic Group."
FISH_Barraclough_&_Fulton_1968,"Fisheries Research Board of Canada, Barraclough, W. E., & Fulton, J. M. (1969). Data Record Food of Larval and Juvenile Fish Caught With a Surface Trawl in Saanich Inlet During June and July 1966."
FISH_Barraclough_et_al_1968,"Barraclogh, W. E. (1968). Data record. Number, size composition, weight, and food of larval and juvenile fish caught with a two-boat surface trawl in Saanich Inlet April 23-July 21, 1968. Fish. Res. Board Can. MS Rep., 1004, 1-305."
Fish_Bax_et_al_1978,"University of Washington. Fisheries Research Institute, & Bax, N. J. (1978). Salmonid Outmigration Studies in Hood Canal: Final Report, Phase III, January to July 1977. The Institute."
Fish_Brodeur_et_al_1987_C,"Brodeur, R. D., Lorz, H. V., & Pearcy, W. G. (1987). Food habits and dietary variability of pelagic nekton off Oregon and Washington, 1979-1984."
Fish_Brodeur_et_al_1987_D,"Brodeur, R. D., Lorz, H. V., & Pearcy, W. G. (1987). Food habits and dietary variability of pelagic nekton off Oregon and Washington, 1979-1984."
Fish_Fresh_et_al_1979,"Fresh, K. L., Rabin, D., Simenstad, C., Salo, E. O., Garrison, K., & Matheson, L. (1979). Fish ecology studies in the Nisqually Reach area of southern Puget Sound, Washington. Fisheries Research Institute publication FRI-UW-7904. University of Washington, School of Fisheries, Seattle."
Fish_Hueckel_Buckley_1987,"Hueckel, G. J., & Buckley, R. M. (1987). The influence of prey communities on fish species assemblages on artificial reefs in Puget Sound, Washington. Environmental Biology of Fishes, 19(3), 195-214."
Fish_Hueckerl_&_Stayton_1982,"Hueckel, G. J., & Stayton, R. L. (1982). Fish foraging on an artificial reef in Puget Sound, Washington. Marine Fisheries Review, 44(6), 38-44."
Fish_Miller_et_al_1977_B,"Miller, B. S., Simenstad, C. A., Moulton, L. R., Fresh, K. L., Funk, F. C., Karp, W. A., & Borton, S. F. (1977). Final Report, Puget Sound Baseline Program-Nearshore Fish Survey. Fisheries Research Institute, University of Washington-7710."
Fish_Miller_et_al_1980_B,"Cross, J. N., Steinfort, S. N., Fresh, K. L., Miller, B. S., & Simenstad, C. A. (1980). Nearshore fish and macroinvertebrate assemblages along the Strait of Juan de Fuca including food habits of the common nearshore fish."
Fish_Miller_et_al_2002,"Miller, M. C., Williams, G. D., O'Rourke, L. K., Southard, J. A., & Blanton, S. L. (2002). Effects of Shoreline Hardening and Shoreline Protection Features on Fish Utilization and Behavior at Washaway Beach, Washington (Report 2) (No. PNNL-13635-(2)). Pacific Northwest National Lab.(PNNL), Richland, WA (United States)."
Fish_Peeling_et_al_1976,"Peeling, T. J., Salazar, M. H., Grovhoug, J. G., & Goforth, H. W. (1976). Trident Biological Survey: July 1976 (No. NUC-TP-510-SUPPL-1). NAVAL UNDERSEA CENTER SAN DIEGO CALIF."
FISH_Robinson_1969_B,"Robinson, D. G. (1969). Data Record: Number, Size Composition, Weight and Food of Larval and Juvenile Fish Caught with a Two-boat Surface Trawl in the Strait of Georgia April 24-25, 1968. Fisheries Research Board."
FISH_Robinson_1969,"Robinson, D. G. (1969). Data Record: Number, Size Composition, Weight and Food of Larval and Juvenile Fish Caught with a Two-boat Surface Trawl in the Strait of Georgia July 4-6, 1967. Pacific Oceanographic Group."
FISH_Robinson_et_al_1968,"Robinson, D. G., Barraclough, W. E., & Fulton, J. D. (1968). Number, size composition, weight and food of larval and juvenile fish caught with a two-boat surface trawl in the Strait of Georgia June 5-9, 1967. Fish Res Board Can Manuscr Rep, 972."
Fish_Simenstad_et_al_1979,"Simenstad, C. A. (1979). Food web relationships of northern Puget Sound and the Strait of Juan de Fuca: A synthesis of the available knowledge. The Agency."
Fish_Simenstad_et_al_1979_ver2,"Simenstad, C. A. (1979). Food web relationships of northern Puget Sound and the Strait of Juan de Fuca: A synthesis of the available knowledge. The Agency."
Fish_Simenstad_et_al_1988,"Simenstad, C.A., Cordell, J.R., Wissmar, R.C., Fresh, K.L., Schroder, S.L., Carr, M., Sanborn, G. and Burg, M., 1988. Assemblage structure, microhabitat distribution, and food web linkages of epibenthic crustaceans in Padilla Bay National Estuarine Research Reserve, Washington. UW Fish. Res. Inst. rpt. FRI-UW-8813. Univ. of Wash., Seattle, WA."
Fish_Stober_&_Pierson_1984,"Stober, Q. J., & Pierson, K. B. (1984). A review of the water quality and marine resources of Elliott Bay, Seattle, Washington."
FMM_HE_Neville_&_Beamish_2004,"Neville, C. M., & Beamish, C. J. (2007). Diets of larval Pacific hake, walleye pollock and Pacific herring in the Strait of Georgia. In:Georgia Basin Puget Sound Research Conference Proceedings. Vancouver (Vol. 7)."
FMM_Livingstone_&_Bailey_1985,"Livingston, P. A., & Bailey, K. M. (1985). Trophic role of the Pacific whiting, Merluccius productus. Mar. Fish. Rev, 47(2), 16-22."
FMM_Outram_&_Haegle_1972,"Outram, D. N., & Haegele, C. (1972). Food of Pacific hake (Merluccius productus) on an offshore bank southwest of Vancouver Island, British Columbia. Journal of the Fisheries Board of Canada, 29(12), 1792-1795."
FMM_Tanasichuk_et_al_1991,"Tanasichuk, R. W., Ware, D. M., Shaw, W., & McFarlane, G. A. (1991). Variations in diet, daily ration, and feeding periodicity of Pacific hake (Merluccius productus) and spiny dogfish (Squalus acanthias) off the lower west coast of Vancouver Island. Canadian Journal of Fisheries and Aquatic Sciences, 48(11), 2118-2128."
FMM_Westrheim_1977,"Fisheries Research Board of Canada, & Westrheim, S. J. (1977). Length-Weight and Length-Girth Relationships Maturity, Spawning Season and Diet of Pacific Cod (Gadsu Macrocephalus) Collected in British Columbia Waters During April 1975-February 1976."
HSL_Bjorkland_et_al_2015,"Bjorkland, R. H., Pearson, S. F., Jeffries, S. J., Lance, M. M., Acevedo-Gutierrez, A., & Ward, E. J. (2015). Stable isotope mixing models elucidate sex and size effects on the diet of a generalist marine predator. Marine Ecology Progress Series, 526, 213-225."
HSL_Bromaghin_et_al_2013,"Bromaghin, J. F., Lance, M. M., Elliott, E. W., Jeffries, S. J., Acevedo-Guti√©rrez, A., & Kennish, J. M. (2013). New insights into the diets of harbor seals (Phoca vitulina) in the Salish Sea revealed by analysis of fatty acid signatures. Fishery Bulletin, 111(1), 13."
HSL_CSL_Akmajian_2016,"Akmajian, A. M. (2016). Year-Round Algal Toxin Exposure in Free-Ranging Sea Lions: Implications of Trophic Exposure for Declining Populations."
HSL_CSL_Everrit_et_al_1981,"Everitt, R. D., Gearin, P. J., Skidmore, J. S., & DeLong, R. L. (1981). Prey items of harbor seals and California sea lions in Puget Sound, Washington. The Murrelet, 62(3), 83-86."
HSL_Howard_et_al_2013,"Howard, S., Lance, M. M., Jeffries, S. J., & Acevedo-Gutierrez, A. (2013). Fish consumption by harbor seals (Phoca vitulina) in the San Juan Islands, Washington. Fishery Bulletin, 111(1), 27."
HSL_Lance_&_Jeffries_2006,"Lance, M. M., & Jeffries, S. J. (2006). Estimating importance of rockfish, lingcod and other bottomfish in the diet of harbor seals in the San Juan Islands. Contract Report to SeaDoc Society Research Agreement, (K004431-22)."
HSL_Lance_&_Jeffries_2007,"Lance, M. M., & Jeffries, S. J. (2007). Temporal and spatial variability of harbor seal diet in the San Juan Island archipelago. Contract Report to SeaDoc Society Research Agreement, (K004431-25)."
HSL_Lance_&_Jeffries_2009,"Lance, M. M., & Jeffries, S. J. (2009). Harbor seal diet in Hood Canal, south Puget Sound and the San Juan Island archipelago. WDFW Wildlife Program Science Division."
HSL_Lance_et_al_2012,"Lance, M. M., Chang, W. Y., Jeffries, S. J., Pearson, S. F., & Acevedo-Gutierrez, A. (2012). Harbor seal diet in northern Puget Sound: implications for the recovery of depressed fish stocks. Marine Ecology Progress Series, 464, 257-271."
HSL_Luxa_&_Acevedo-Gutierrez_2013,"Luxa, K., & Acevedo-Gutierrez, A. (2013). Food Habits of Harbor Seals (Phoca vitulina) in Two Estuaries in the Central Salish Sea. Aquatic Mammals, 39(1)."
HSL_Luxa_2008,"Luxa, K. (2008). Food habits of harbor seals (Phoca vitulina) in two estuaries in northern Puget Sound, Washington."
HSL_Olesiuk_et_al_1990,"Olesiuk, P. F. (1990). An Assessment of the Feeding Habits of Harbour Seals Phocia Vitulina in the Strait of Georgia, British Columbia, Based on Scat Analysis. Department of Fisheries and Oceans, Biological Sciences Branch, Pacific Biological Station."
HSL_Scheffer_&_Perry_1931,"Sperry, C. C. (1931). Food habits of the Pacific harbor seal, Phoca richardii. Journal of Mammalogy, 12(3), 214-226."
HSL_Scheffer_1928,"Theo. H. Scheffer. (1928). Precarious status of the seal and sea-lion on our northwest coast. Journal of Mammalogy, 10-16."
HSL_Steingass_2014,"Steingass, S. M. (2014). Foraging behavior of the Pacific harbor seal (Phoca vitulina richardii) in the Pacific Northwest and potential impacts of coastal hypoxia on foraging efficiency."
HSL_Thomas-et_al_2017,"Thomas, A. C., Nelson, B. W., Lance, M. M., Deagle, B. E., & Trites, A. W. (2016). Harbour seals target juvenile salmon of conservation concern. Canadian Journal of Fisheries and Aquatic Sciences, 74(6), 907-921."
HSL_Thomas_et_al_2011,"Thomas, A. C., Lance, M. M., Jeffries, S. J., Miner, B. G., & Acevedo-Gutierrez, A. (2011). Harbor seal foraging response to a seasonal resource pulse, spawning Pacific herring. Marine Ecology Progress Series, 441, 225-239."
HSL_Voelker_2018,"Voelker, M. (2018). Cross-sectional scat sampling reveals intrapopulation feeding diversity in a marine predator."
HUW_Ford_et_al_2009,"Ford, J. K. B., Rambeau, A. L., Abernethy, R. M., Boogaards, M. D., Nichol, L. M., & Spaven, L. D. (2009). An assessment of the potential for recovery of humpback whales off the Pacific Coast of Canada. DFO Can. Sci. Advis. Sec. Res. Doc, 15, 33."
ORC_Ford_&_Elllis_2006, "Ford, J. K., & Ellis, G. M. (2006). Selective foraging by fish-eating killer whales Orcinus orca in British Columbia. Marine Ecology Progress Series, 316, 185-199."
ORC_Bradley_et_al_2010,"Hanson, M.B., Baird, R.W., Ford, J.K., Hempelmann-Halos, J., Van Doornik, D.M., Candy, J.R., Emmons, C.K., Schorr, G.S., Gisborne, B., Ayres, K.L. and Wasser, S.K., 2010. Species and stock identification of prey consumed by endangered southern resident killer whales in their summer range. Endangered Species Research, 11(1), pp.69-82."
ORC_Ford_&_Ellis_2006,"Ford, J. K., & Ellis, G. M. (2006). Selective foraging by fish-eating killer whales Orcinus orca in British Columbia. Marine Ecology Progress Series, 316, 185-199."
ORC_Ford_2009,"Ford, J. K. B., Wright, B. M., Ellis, G. M., & Candy, J. R. (2010). Chinook salmon predation by resident killer whales: seasonal and regional selectivity, stock identity of prey, and consumption rates. Canadian Science Advisory Secretariat= Secretariat canadien de consultation scientifique."
ORC_Ford_et_al_1998,"Ford, J. K., Ellis, G. M., Barrett-Lennard, L. G., Morton, A. B., Palm, R. S., & Balcomb III, K. C. (1998). Dietary specialization in two sympatric populations of killer whales (Orcinus orca) in coastal British Columbia and adjacent waters. Canadian Journal of Zoology, 76(8), 1456-1471."
ORC_Herman_et_al_2005,"Herman, D.P., Burrows, D.G., Wade, P.R., Durban, J.W., Matkin, C.O., LeDuc, R.G., Barrett-Lennard, L.G. and Krahn, M.M., 2005. Feeding ecology of eastern North Pacific killer whales Orcinus orca from fatty acid, stable isotope, and organochlorine analyses of blubber biopsies. Marine Ecology Progress Series, 302, pp.275-291."
ORC_Rice_1968,"Rice, D. W. (1968). Stomach contents and feeding behavior of killer whales in the eastern North Pacific."
PHR_Walker_et_al_1998,"Walker, W. A., Hanson, M. B., Baird, R. W., & Guenther, T. J. (1998). Food habits of the harbor porpoise, Phocoena phocoena, and Dall's porpoise, Phocoenoides dalli, in the inland waters of British Columbia and Washington. AFSC Processed Report, 98-10."
POP_Gordon_1965,"Gordon, C. D. (1965). Aspects of the life-history of Cymatogaster aggregata Gibbons (Doctoral dissertation, University of British Columbia)."
PWN_Armstrong_et_al_1981,"Armstrong, D. A., Stevens, B. G., & Hoeman, J. C. (1981). Distribution and abundance of Dungeness crab and Crangon shrimp, and dredging-related mortality of invertebrates and fish in Grays Harbor, Washington."
RAT_Johnson_1967,"Johnson, A. G. (1967). Biology of the ratfish, Hydrolagus colliei (Lay and Bennett)."
Rockfish_Duggins_et_al_2016,"Duggins, D. O., Gomez-Buckley, M. C., Buckley, R. M., Lowe, A. T., Galloway, A. W. E., & Dethier, M. N. (2016). Islands in the stream: kelp detritus as faunal magnets. Marine biology, 163(1), 17."
Rockfish_Murie_1991,"Murie, D. J. (1991). Comparative ecology and interspecific competition between the sympatric congeners Sebastes caurinus (Copper Rockfish) and S. maliger (Quillback Rockfish)(Doctoral dissertation)."
Rockfish_Patten_1973,"Patten, B. G. (1973). Biological information on copper rockfish in Puget Sound, Washington. Transactions of the American Fisheries Society, 102(2), 412-416."
Rockfish_Turner_2015,"Turner, K. R. (2016). Effects of fish predation on benthic communities in the San Juan Archipelago (Doctoral dissertation)."
Rockfish_Washington_et_al_1978,"Washington, P. M., Gowan, R. E., & Ito, D. H. (1978). A biological report on eight species of rockfish (Sebastes spp.) from Puget Sound, Washington, Northwest and Alaska Fisheries Center Processed Report. Seattle, WA: US Dept. of Commerce, Northwest and Alaska Fisheries Center."
Salmon_Beamish_&_Neville_2001,"Beamish, R. J., & Neville, C. M. (2001). Predation-based mortality on juvenile salmon in the Strait of Georgia. North Pacific Anadromous Fish Commission Bulletin, 2, 11-13."
Salmon_Duffy_et_al_2008,"Duffy, E. J., & Beauchamp, D. A. (2008). Seasonal patterns of predation on juvenile Pacific salmon by anadromous cutthroat trout in Puget Sound. Transactions of the American Fisheries Society, 137(1), 165-181."
Salmon_Jauquet_2003,"Jaquet, J. M. (2004). The occurrence of diet items in coastal cutthroat trout collected in south Puget Sound, 1999-2002. In Proceedings of the 2003 Georgia Basin/Puget Sound Research Conference. CDROM or Online. Available: http://www.psat.wa.gov/Publications/03_proceedings/start.htm (pp. 1-19)."
Salmon_Bollens_et_al_2010,"Bollens, S. M., Butler, M., Cordell, J. R., & Frost, B. W. (2010). Feeding ecology of juvenile Pacific salmon (Oncorhynchus spp.) in a northeast Pacific fjord: diet, availability of zooplankton, selectivity for prey, and potential competition for prey resources. Fishery Bulletin, 108(4), 393-407."
Salmon_Brodeur_et_al_1992,"Brodeur, R. D., Francis, R. C., & Pearcy, W. G. (1992). Food consumption of juvenile coho (Oncorhynchus kisutch) and chinook salmon (O. tshawytscha) on the continental shelf off Washington and Oregon. Canadian Journal of Fisheries and Aquatic Sciences, 49(8), 1670-1685."
Salmon_Cordell_et_al_1998,"Tanner, C. D., Aitkin, J. K., Cordell, J. R., & Higgins, H. A. (1998). Biological status of fish and invertebrate assemblages in a breached-dike wetland site at Spencer Island, Washington."
Salmon_Cordell_et_al_1999,"Cordell, J. R., Tanner, C. D., & Aitkin, J. K. (1999). Fish assemblages and juvenile salmon diets at a breached-dike wetland site, Spencer Island, Washington, 1997-98."
Salmon_Cordell_et_al_1999_B,"Jensen, K., Higgins, H. A., Cordell, J. R., & Tear, L. M. (1999). Duwamish River Coastal America restoration and reference sites: Results from 1997 monitoring studies."
Salmon_Cordell_et_al_2001,"Cordell, J. R., Tanner, C. D., & Aitkin, J. K. (1999). Fish assemblages and juvenile salmon diets at a breached-dike wetland site, Spencer Island, Washington, 1997-98."
Salmon_Cordell_et_al_2001_B,"Cordell, J. R., Tear, L. M., & Jensen, K. (2001). Biological Monitoring at Duwamish River Coastal America Restoration and Reference Sites: A Seven-Year Retrospective."
Salmon_Dale_et_al 2017,"Dale, K. E., Daly, E. A., & Brodeur, R. D. (2017). Interannual variability in the feeding and condition of subyearling Chinook salmon off Oregon and Washington in relation to fluctuating ocean conditions. Fisheries oceanography, 26(1), 1-16."
Salmon_Duffy_2003,"Duffy, E. J. (2003). Early marine distribution and trophic interactions of juvenile salmon in Puget Sound (Doctoral dissertation, University of Washington)."
Salmon_Duffy_et_al_2010,"Duffy, E. J., Beauchamp, D. A., Sweeting, R. M., Beamish, R. J., & Brennan, J. S. (2010). Ontogenetic diet shifts of juvenile Chinook salmon in nearshore and offshore habitats of Puget Sound. Transactions of the American Fisheries Society, 139(3), 803-823."
Salmon_Fresh_et_al_1978,"Fresh, K. L., Matheson, L., Simenstad, C. A., Salo, E. O., Garrison, K. J., & Rabin, D. J. (1979). Fish ecology studies in the Nisqually Reach area of southern Puget Sound, WA."
Salmon_Fresh_et_al_1981,"Fresh, K. L., Cardwell, R. D., & Koons, R. R. (1981). Food habits of Pacific salmon, baitfish and their potential competitors and predators in the marine waters of Washington, August 1978 to September 1979. State of Washington, Department of Fisheries."
Salmon_Gordon_et_al_1981,"Godin, J. G. J. (1981). Daily patterns of feeding behavior, daily rations, and diets of juvenile pink salmon (Oncorhynchus gorbuscha) in two marine bays of British Columbia. Canadian Journal of Fisheries and Aquatic Sciences, 38(1), 10-15."
Salmon_Jauquet_2002_B,"Jauquet, J. M. (2002). Coastal cutthroat trout (Oncorhynchus clarki clarki) diet in south Puget Sound, Washington 1999-2002(Doctoral dissertation, Evergreen State College)."
Salmon_Healey_et_al_1978, "Healey, M. C. (1978). The distribution, abundance, and feeding habits of juvenile Pacific salmon in Georgia Strait, British Columbia. Fisheries and Marine Service, Technical Report 788. British Columbia, Canada."
Salmon_Kennedy_et_al_2018,"Kennedy, L. A., Juanes, F., & El-Sabaawi, R. (2018). Eelgrass as valuable nearshore foraging habitat for juvenile Pacific salmon in the early marine period. Marine and Coastal Fisheries, 10(2), 190-203."
Salmon_Meyer_et_al_1981,"Meyer, J. H., Pearce, T. A., & Patlan, S. B. (1981). Distribution and food habits of juvenile salmonids in the Duwamish Estuary, Washington, 1980. Fish and Wildlife Service Olympia, WA. Fisheries Assistance Office."
Salmon_Meyer_et_al_1981_B,"Meyer, J. H., Pearce, T. A., & Boomer, R. S. (1981). An examination of the food habits of juvenile chum and chinook salmon in Hylebos Waterway. Unpubl., US Dept. Interior, Fish Wildl. Serv., Fish. Assist. Off., Olympia, WA."
Salmon_Morley_et_al_2012,"Morley, S. A., Toft, J. D., & Hanson, K. M. (2012). Ecological effects of shoreline armoring on intertidal habitats of a Puget Sound urban estuary. Estuaries and Coasts, 35(3), 774-784."
Salmon_Munsch et al_2015,"Munsch, S. H., Cordell, J. R., & Toft, J. D. (2015). Effects of seawall armoring on juvenile Pacific salmon diets in an urban estuarine embayment. Marine Ecology Progress Series, 535, 213-229."
Salmon_Osgood_et_al_2016,"Osgood, G. J., Kennedy, L. A., Holden, J. J., Hertz, E., McKinnell, S., & Juanes, F. (2016). Historical diets of forage fish and juvenile pacific salmon in the strait of Georgia, 1966 1968. Marine and Coastal Fisheries, 8(1), 580-594."
Salmon_Pearce_et_al_1982,"Pearce, T. A., Meyer, J. H., & Boomer, R. S. (1982). Distribution and food habits of juvenile salmon in the Nisqually estuary, Washington, 1979-1980. US Department of the Interior, Fisheries Assistance Office. US Fish and Wildlife Service."
Salmon_Prakash_1962,"Prakash, A. (1962). Seasonal changes in feeding of coho and chinook (spring) salmon in southern British Columbia waters. Journal of the Fisheries Board of Canada, 19(5), 851-866."
Salmon_Price_et_al_2013,"Price, M. H., Glickman, B. W., & Reynolds, J. D. (2013). Prey selectivity of Fraser River sockeye salmon during early marine migration in British Columbia. Transactions of the American Fisheries Society, 142(4), 1126-1133."
Salmon_Salo_et_al_1980,"Salo, E. O., Bax, N. J., Prinslow, T. E., Whitmus, C. J., Snyder, B. P., & Simenstad, C. A. (1980). The effects of construction of naval facilities on the outmigration of juvenile salmonids from Hood Canal, Washington. Final Report. Fisheries Research Institute, College of Fisheries, University of Washington, Seattle, WA. Prepared for the US Navy, OICC Trident."
Salmon_Schreiner_et_al_1977,"Schreiner, J. U. (1977). Salmonid outmigration studies in Hood Canal, Washington (Doctoral dissertation, University of Washington)."
Salmon_Simenstad_&_Eggers_1981,"Simenstad, C. A., & Eggers, D. M. (1981). Juvenile Salmonid and Baitfish Distribution, Abundance and Prey Resources in Selected Areas of Grays Harbor, Washington (No. FRI-UW-8116). WASHINGTON UNIV SEATTLE FISHERIES RESEARCH INST."
Salmon_Simenstad_&_Kinney_1978,"Simenstad, C. A., & Kinney, W. J. (1978). Trophic relationships of outmigrating chum salmon in Hood Canal, Washington, 1977. University of Washington, Fisheries Research Institute."
Salmon_Sweeting_&_Beamish_2009,"Sweeting, R. M., & Beamish, R. J. (2009). A comparison of the diets of hatchery and wild coho salmon (Oncorhynchus kisutch) in the Strait of Georgia from 1997 2007. North Pacific Anadromous Fish Commission Bulletin, 5, 255-264."
Salmon_Sweeting_et_al_2007,"Sweeting, R., Beamish, R. J., & Cooper, C. A. (2007). Comparison of juvenile salmon diets in the Strait of Georgia and Puget Sound 1997-2006. In:Proceedings of the 2007 Georgia Basin Puget Sound research conference. Puget Sound Action Team, Olympia, Washington."
SB_Baldwin_&_Lovvorn_1994,"Baldwin, J. R., & Lovvorn, J. R. (1994). Expansion of seagrass habitat by the exotic Zostera japonica, and its use by dabbling ducks and brant in Boundary Bay, British Columbia. Marine ecology progress series. Oldendorf, 103(1), 119-127."
SB_Cyra_1982,"Cyra, T. (1982). The relationship between tide height, time of day, and Pigeon Guillemot numbers on Protection Island, Washington (Doctoral dissertation, Washington Game Department)."
SB_Drent_1965,"Drent, R. H. (1965). Breeding biology of the Pigeon Guillemot, Cepphus columba. Brill."
SB_Huang_et_al_2015,"Huang, A. C., Essak, M., & O'connor, M. I. (2015). Top-down control by great blue herons Ardea herodias regulates seagrass associated epifauna. Oikos, 124(11), 1492-1501."
SB_Lance_&_Pearson_2012,"Lance, M. M., & Pearson, S. F. (2012). Assembling and Assessing Seabird Diet Information in the Salish Sea. Washington Department of Fish and Wildlife. Wildlife Research Division, Olympia, Washington."
SB_Lance_&_Thompson_2005,"Lance, M. M., Thompson, C. W., & Burger, A. E. (2005). Overlap in diets and foraging of Common Murres (Uria aalge) and Rhinoceros Auklets (Cerorhinca monocerata) after the breeding season. The Auk, 122(3), 887-901."
SB_Lindborg_et_al_2012,"Lindborg, V. A., Ledbetter, J. F., Walat, J. M., & Moffett, C. (2012). Plastic consumption and diet of Glaucous-winged Gulls (Larus glaucescens). Marine pollution bulletin, 64(11), 2351-2356."
SB_Munro_&_Clemens_1932,"Munro, J. A., & Clemens, W. A. (1936). Food of the American merganser (Mergus merganser americanus) in British Columbia. National Parks of Canada, Department of the Interior."
SB_Robertson_1972,"Predation by fish-eating birds on stocks of the pacific herring, clupea pallasii, in the gulf islands of british columbia"
SB_Robertson_1974,"Robertson, I. (1974). The food of nesting double-crested and pelagic cormorants at Mandarte Island, British Columbia, with notes on feeding ecology. The Condor, 76(3), 346-348."
SB_Schrimpf_et_al_2012,"Schrimpf, M. B., Parrish, J. K., & Pearson, S. F. (2012). Trade-offs in prey quality and quantity revealed through the behavioral compensation of breeding seabirds. Marine Ecology Progress Series, 460, 247-259."
SB_Thompson_et_al_2002,"Thompson, C. W., Donelan, E. R., Lance, M. M., & Edwards, A. E. (2002). Diet of Caspian Terns in Commencement Bay, Washington. Waterbirds, 78-85."
SB_Vermeer_1982,"Vermeer, K. (1982). Comparison of the diet of the glaucous-winged gull on the east and west coasts of Vancouver Island. The Murrelet, 80-85."
SBL_Williams_et_al_In_review,"Reum, J. C., Williams, G. D., Harvey, C. J., Andrews, K. S., & Levin, P. S. (2020). Trophic ecology of a large-bodied marine predator, bluntnose sixgill shark Hexanchus griseus, inferred using stable isotope analysis. Environmental Biology of Fishes, 103(2), 147-162."
SB_Wilson_1977,"Wilson, U. W. (1977). A study of the biology of the Rhinoceros Auklet on Protection Island, Washington (Doctoral dissertation, University of Washington)."
SBL_Bizzarro_et_al_2017,"Bizzarro, J. J., Carlisle, A. B., Smith, W. D., & Cortes, E. (2017). Diet composition and trophic ecology of Northeast Pacific Ocean sharks. In:Advances in marine biology (Vol. 77, pp. 111-148). Academic Press."
SBL_Ebert_1986,"Ebert, D. A. (1986). Biological aspects of the sixgill shark, Hexanchus griseus. Copeia, 1986(1), 131-135."
SBL_Ebert_1986_b,"Ebert, D. A. (1986, July). Aspects on the biology of hexanchid sharks along the California coast. In:Indo-Pacific Fish Biology: Proceedings of the Second International Conference on Indo-Pacific Fishes (Eds T. Uyeno, R. Arai, T. Taniuchi and K. Matsuura.) pp. 437-449."
SMD_Armstrong_et_al_1994,"Armstrong, J. L., Armstrong, D. A., & Mathews, S. B. (1996). Food habits of estuarine staghorn sculpin, Leptocottus armatus, with focus on consumption of juvenile Dungeness crab, Cancer magister. Oceanographic Literature Review, 6(43), 595."
SMD_Dinnel_et_al_1990,"Armstrong, D. A., Armstrong, J. L., Dinnel, P. A., Larsen, K., Lauth, R. R., & Sulkin, S. (1990). Fish predation on Dungeness crab in Padilla Bay, WA."
SMD_McPeek_et_al_2015,"McPeek, K. C., McDonald, P. S., & VanBlaricom, G. R. (2015). Aquaculture disturbance impacts the diet but not ecological linkages of a ubiquitous predatory fish. Estuaries and coasts, 38(5), 1520-1534."
SP_Anderson_&_Lovvorn_2012,"Anderson, E. M., & Lovvorn, J. R. (2012). Seasonal dynamics of prey size mediate complementary functions of mussel beds and seagrass habitats for an avian predator. Marine Ecology Progress Series, 467, 219-232."
SP_Anderson_et_al_2008,"Anderson, E. M., Lovvorn, J. R., & Wilson, M. T. (2008). Reevaluating marine diets of surf and white-winged scoters: interspecific differences and the importance of soft-bodied prey. The Condor, 110(2), 285-295."
SP_Lewis_et_al_2007,"Lewis, T. L., Esler, D., & Boyd, W. S. (2007). Effects of predation by sea ducks on clam abundance in soft-bottom intertidal habitats. Marine Ecology Progress Series, 329, 131-144."
SP_Tschaekofske_2010,"Tschaekofske, H. J. (2010). Prey selection and its relationship to habitat and foraging strategy of molting white-winged (Melanitta fusca) and surf scoters (M. perspicillata) in Puget Sound, WA, and the Strait of Georgia, BC (Doctoral dissertation, Evergreen State College)."
SP_Vermeer_1981,"Vermeer, K. (1981). Food and populations of surf scoters in British Columbia. Wildfowl, 32(32), 106-116."
SQX_Brodeur_et_al_1987,"Brodeur, R. D., Lorz, H. V., & Pearcy, W. G. (1987). Food habits and dietary variability of pelagic nekton off Oregon and Washington, 1979-1984."
SQX_Karpov_&_Caillet_1979,"Karpov, K. A., & Cailliet, G. M. (1979). Prey composition of the market squid, Loligo opalescens Berry, in relation to depth and location of capture, size of squid, and sex of spawning squid. Calif. Coop. Ocean. Fish. Invest. Rep, 20, 51-57."
SQX_Loukashkin_1975,"Loukashkin, A. S. (1976). On biology of market squid, Loligo opalescens, a contribution toward the knowledge of its food habits and feeding behavior. CalCOFI Reports, 18, 109-111."
SQX_Yang_et_al_1986,"Yang, W. T. (1983). Growth, behavior and sexual maturation of the market squid, Loligo opalescens, cultured through the life cycle. Fish. Bull., 84, 771-798."
ZG_Colin_&_Costello_2002,"Costello, J. H., & Colin, S. P. (2002). Prey resource use by coexistent hydromedusae from Friday Harbor, Washington. Limnology and Oceanography, 47(4), 934-942."
ZG_Purcell_&_Grover_1990,"Purcell, J. E., & Grover, J. J. (1990). Predation and food limitation as causes of mortality in larval herring at a spawning ground in British Columbia."
ZL_Fulmer_&_Bollens_2005,"Fulmer, J. H., & Bollens, S. M. (2005). Responses of the chaetognath, Sagitta elegans, and larval Pacific hake, Merluccius productus, to spring diatom and copepod blooms in a temperate fjord (Dabob Bay, Washington). Progress in Oceanography, 67(3-4), 442-461."
ZL_Feehan_et_al_2018,"Feehan, C. J., Grauman Boss, B. C., Strathmann, R. R., Dethier, M. N., & Duggins, D. O. (2018). Kelp detritus provides high quality food for sea urchin larvae. Limnology and Oceanography, 63(S1), S299-S306."
